family_id,latitude,longitude,poi_classification,poi_category,count,distance,average_distance,points,tags
1210,51.517472,-0.136673,amenity,taxi,6,523.0329931228408,623.5798178614549,(51.514878;-0.1303486)-(51.5148729;-0.130373)-(51.5147979;-0.1303329)-(51.5148029;-0.1303085)-(51.514878;-0.1303486),taxi:office;amenity:taxi;source:photograph;level:0;note:Mini cab office;phone:+44 20 8616 8227
1210,51.517472,-0.136673,amenity,drinking_water,1,731.2384752131745,731.2384752131745,(51.510993;-0.134863),covered:no;amenity:drinking_water;wheelchair:yes
1210,51.517472,-0.136673,amenity,casino,2,414.9021260971111,641.6171017374588,(51.517245;-0.1306879),operator:Grosvenor Casinos;shop:gambling;amenity:casino;name:Grosvenor St Giles Casino;old_name:Gala Casino
1210,51.517472,-0.136673,amenity,music_school,1,539.1616076792319,543.6972111830765,(51.5152958;-0.12971)-(51.5153244;-0.1296475)-(51.5152497;-0.1295632)-(51.5152219;-0.129627)-(51.5152958;-0.12971),website:http://www.gotomusicschool.co.uk/;source:photograph;amenity:music_school;name:Gary O'Toole School of Music;level:1
1210,51.517472,-0.136673,amenity,student_accomodation,1,275.21380345304755,275.21380345304755,(51.5165218;-0.1330004),addr:housenumber:1-2;website:http://britanniastudents.com/;amenity:student_accomodation;addr:city:London;addr:postcode:W1T 1HH;fax:+44 207 436 7739;name:Britannia Student Services;phone:+44 207 436 7738;addr:street:Rathbone Place
1210,51.517472,-0.136673,amenity,cinema,6,312.5757463752561,642.1788587813526,(51.5183559;-0.1323847),amenity:cinema;name:Odeon;created_by:JOSM
1210,51.517472,-0.136673,amenity,recycling,12,147.48516359363308,490.8269271467562,(51.518672;-0.137581),amenity:recycling
1210,51.517472,-0.136673,amenity,social_facility,1,324.5526099030151,324.5526099030151,(51.5150495;-0.1340567),addr:housenumber:13A;website:http://www.onehousinggroup.co.uk;amenity:social_facility;addr:city:London;addr:postcode:W1F 8FL;name:One Support;alt_name:Westminster Generic Support Service;operator:One Housing Group;addr:street:Great Chapel Street
1210,51.517472,-0.136673,amenity,telephone,122,152.5642419321372,517.391643780691,(51.518654;-0.1377926),amenity:telephone
1210,51.517472,-0.136673,amenity,library,4,679.395179774682,709.2193563964183,(51.523674;-0.1328748)-(51.5234956;-0.1326832)-(51.5234622;-0.1326452)-(51.5232991;-0.132459)-(51.5231108;-0.1328919)-(51.5233574;-0.133141)-(51.5233791;-0.1330907)-(51.5235044;-0.1332197)-(51.523674;-0.1328748),building:yes;source:guessed;amenity:library;name:DMS Watson Building
1210,51.517472,-0.136673,amenity,stripclub,4,483.2470669654154,646.059821478583,(51.513895;-0.1325661)-(51.5139427;-0.1325978)-(51.5139828;-0.1324417)-(51.5139351;-0.1324101)-(51.513895;-0.1325661),building:yes;website:http://www.sunsetstrip.co.uk/;amenity:stripclub;name:Sunset Strip;wheelchair:no;source:Bing;photograph
1210,51.517472,-0.136673,amenity,clinic,2,523.4935607698135,625.9447162634007,(51.5135795;-0.1324176)-(51.5136136;-0.1322945)-(51.5136188;-0.1322755)-(51.5136262;-0.1322808)-(51.513649;-0.1321987)-(51.5135645;-0.1321384)-(51.5135535;-0.1321782)-(51.5135025;-0.1323625)-(51.5135795;-0.1324176),website:http://www.chelwest.nhs.uk/services/hiv-sexual-health/clinics/dean-street-express;amenity:clinic;name:Dean Street Express;level:0;healthcare:speciality:venereology;source:photograph
1210,51.517472,-0.136673,amenity,embassy,15,73.10612169902862,615.0322173098675,(51.517044;-0.137475),addr:postcode:W1T 3PD;amenity:embassy;country:TM;name:Embassy of Turkmenistan;addr:street:Wells Street
1210,51.517472,-0.136673,amenity,college,15,194.1418345693228,464.1916027747968,(51.5157802;-0.1359796),addr:housenumber:129;website:www.lcb.ac;amenity:college;name:London College of Business;layer:1;phone:02072873040;addr:street:Oxford Street
1210,51.517472,-0.136673,amenity,language_school,3,190.34073715633087,484.3349517773611,(51.5157968;-0.1361074),amenity:language_school;name:Callan School
1210,51.517472,-0.136673,amenity,parking,12,377.94220663932845,551.532448878334,(51.517904;-0.1420908),amenity:parking
1210,51.517472,-0.136673,amenity,car_sharing,2,366.50684958519423,540.5024591368056,(51.514191;-0.137179),operator:Streetcar;source:WebSite;amenity:car_sharing;capacity:1
1210,51.517472,-0.136673,amenity,post_office,6,87.72842241404476,460.5351241595164,(51.5174368;-0.1354064),amenity:post_office
1210,51.517472,-0.136673,amenity,cafe,215,70.64412003049496,481.7099577630951,(51.5168906;-0.1370846),addr:housenumber:15;website:http://kaffeine.co.uk/;amenity:cafe;addr:city:London;addr:postcode:W1T 3AY;wheelchair:yes;phone:+44 203 730 5878;opening_hours:Mo-Fr 07:30-18:00; Sa 08:30-18:00; Su 09:00-17:00;addr:street:Eastcastle Street;name:Kaffeine
1210,51.517472,-0.136673,amenity,grit_bin,1,432.4814036623567,432.4814036623567,(51.5166952;-0.1305487),amenity:grit_bin
1210,51.517472,-0.136673,amenity,ice_cream,2,452.57900167009626,485.3478912606735,(51.5137393;-0.1340655)-(51.513771;-0.1339329)-(51.5137229;-0.1339053)-(51.5136949;-0.1340398)-(51.5137393;-0.1340655),"addr:housenumber:102;website:http://www.snowflakegelato.co.uk/;amenity:ice_cream;addr:city:London;name:Snowflake;level:0;addr:postcode:W1F 0TW;wheelchair:yes;outdoor_seating:no;fhrs:id:412191;note:The FHRS data was for previous business at this address (Big Bite), so have deleted the ratings tags and updated the name and amenity tags;source:photograph;source:postcode:FSA Food Hygiene Ratings Database;old_name:Big Bite;source:addr:FSA Food Hygiene Ratings Database;fhrs:local_authority_id:00688/0102/0/000;addr:street:Wardour Street"
1210,51.517472,-0.136673,amenity,bureau_de_change,8,279.65083391428726,592.4145161988357,(51.5150124;-0.1375163),addr:housenumber:44;shop:travel_agency;amenity:bureau_de_change;name:Safe Transfer
1210,51.517472,-0.136673,amenity,toilets,4,361.375638066134,426.9791767605774,(51.515633;-0.132367),opening_hours:Mo-Su 18:00-05:00;amenity:toilets;male:yes
1210,51.517472,-0.136673,amenity,temporary_toilet_site,1,795.750773982296,795.750773982296,(51.5114402;-0.1304847),amenity:temporary_toilet_site
1210,51.517472,-0.136673,amenity,sport,1,553.9659558934376,553.9659558934376,(51.5163635;-0.1444782),amenity:sport;sport:table_tennis
1210,51.517472,-0.136673,amenity,police,3,289.65895787811127,701.8898452458412,(51.5194921;-0.1340299),operator:British Transport Police;amenity:police;created_by:Merkaartor 0.12
1210,51.517472,-0.136673,amenity,theatre,17,374.1933712364088,622.6382015729703,(51.5144481;-0.1405039)-(51.5145165;-0.1402789)-(51.5145351;-0.1402179)-(51.5145002;-0.1401904)-(51.5144742;-0.14017)-(51.5144213;-0.1401308)-(51.5143647;-0.1400862)-(51.5143257;-0.1400581)-(51.5142504;-0.1400039)-(51.5141854;-0.1399502)-(51.514213;-0.1398522)-(51.5142405;-0.1397522)-(51.5143789;-0.1398514)-(51.5143969;-0.1397898)-(51.5144052;-0.1397623)-(51.5144251;-0.1396957)-(51.514786;-0.1399308)-(51.514711;-0.1401926)-(51.5148381;-0.1402829)-(51.5148013;-0.1404378)-(51.5147874;-0.1404877)-(51.5147347;-0.1404436)-(51.5146698;-0.140395)-(51.514659;-0.1404323)-(51.514603;-0.1406246)-(51.514539;-0.1405747)-(51.5144481;-0.1405039),addr:housenumber:7-8;building:yes;amenity:theatre;fhrs:rating_date:2012-06-29;addr:city:London;name:London Palladium;fhrs:hygiene:0;addr:postcode:W1F 7TF;wikipedia:en:London Palladium;fhrs:id:413207;website:http://www.london-palladium.co.uk;fhrs:rating:5;postal_code:W1F 7TQ;source:postcode:FSA Food Hygiene Ratings Database;fhrs:structural:5;operator:Really Useful Theatres;fhrs:confidence_management:0;source:addr:FSA Food Hygiene Ratings Database;fhrs:local_authority_id:01092/0007/0/000;addr:street:Argyll Street
1210,51.517472,-0.136673,amenity,food_court,1,211.26058127300772,211.26058127300772,(51.5163383;-0.139123),addr:housenumber:48;website:http://ethosfoods.com;amenity:food_court;addr:city:London;addr:postcode:W1W 8DX;takeaway:yes;diet:vegetarian;name:Ethos;phone:+44 203 581 1538;opening_hours:Mo-Fr 08:00-22:00; Sa 11:30-22:00; Su 12:00-22:00;addr:street:Eastcastle Street
1210,51.517472,-0.136673,amenity,community_centre,1,252.35054400393634,257.93733887088837,(51.5198168;-0.136973)-(51.5197636;-0.1369178)-(51.5197567;-0.1369106)-(51.5197475;-0.136901)-(51.5197374;-0.1368906)-(51.5197639;-0.1368248)-(51.5197841;-0.1368458)-(51.5198433;-0.1369072)-(51.5198399;-0.1369156)-(51.5198168;-0.136973),addr:housenumber:39;building:yes;amenity:community_centre;addr:city:London;building:levels:4;addr:postcode:W1T 4RX;name:Fitzrovia Neighbourhood Centre;website:http://fitzrovia.org.uk;building:material:brick;operator:Fitzrovia Neighbourhood Association;addr:street:Tottenham Street
1210,51.517472,-0.136673,amenity,hospital,11,595.8064065628971,790.6759053223693,(51.5232604;-0.1356713)-(51.5234007;-0.135299)-(51.522892;-0.1347715)-(51.5227445;-0.1351389)-(51.523139;-0.1355536)-(51.5232604;-0.1356713),building:yes;operator:University College Hospitals;amenity:hospital;name:Macmillan Cancer Centre;emergency:no
1210,51.517472,-0.136673,amenity,bench,64,235.54948019145084,472.75634478179006,(51.51914;-0.1345745),amenity:bench
1210,51.517472,-0.136673,amenity,kindergarten,1,413.8960726034883,413.8960726034883,(51.5211453;-0.135706),amenity:kindergarten
1210,51.517472,-0.136673,amenity,post_box,59,88.99496665456428,543.1500879051417,(51.517395;-0.1379532),amenity:post_box;note:LH for 2nd class; RH for 1st class and abroad.;collection_times:Mo-Fr 18:30; Sa 12:00;post_box:type:pillar;post_box:apertures:2;ref:W1 43;royal_cypher:EIIR;post_box:design:type_c
1210,51.517472,-0.136673,amenity,school,6,147.14559915485685,506.78414121543176,(51.5170275;-0.138676),addr:housenumber:78-80;amenity:school;addr:city:London;addr:postcode:W1W 8TA;name:SGI;opening_hours:Mo-Fr 08:30-17:30;operator:St George International;education:language;addr:street:Margaret Street
1210,51.517472,-0.136673,amenity,bank,44,165.73881022351478,521.1578050108544,(51.5186639;-0.1352347)-(51.5187049;-0.1352778)-(51.5187784;-0.1353512)-(51.5188248;-0.1352317)-(51.5187233;-0.1351363)-(51.5187071;-0.1351211)-(51.5186639;-0.1352347),building:yes;building:levels:1;amenity:bank;name:Bank of Cyprus;building:part:yes
1210,51.517472,-0.136673,amenity,pharmacy,15,291.74325107784296,542.503993075671,(51.5186162;-0.1404673),phone:01715802393;amenity:pharmacy;cameras:yes;name:Shiv Pharmacy
1210,51.517472,-0.136673,amenity,bandstand,1,766.3924349505044,766.3924349505044,(51.5121572;-0.1296214),amenity:bandstand
1210,51.517472,-0.136673,amenity,student_union,1,605.350271596722,605.350271596722,(51.5221025;-0.1320721),amenity:student_union;name:University of London Union
1210,51.517472,-0.136673,amenity,bicycle_parking,124,124.07115779313744,524.113305841468,(51.5184342;-0.1375809),amenity:bicycle_parking;bicycle_parking:stands
1210,51.517472,-0.136673,amenity,fast_food,87,59.84847849290362,459.9876051054197,(51.5169416;-0.13682),amenity:fast_food;name:Bijan's
1210,51.517472,-0.136673,amenity,fire_station,1,703.3229798653327,725.5668539150442,(51.5125558;-0.1297635)-(51.5124093;-0.1296658)-(51.5123691;-0.1296819)-(51.5123558;-0.129673)-(51.5123544;-0.1296859)-(51.5123147;-0.129794)-(51.5122549;-0.1299575)-(51.5125542;-0.1302313)-(51.5125742;-0.1302366)-(51.512586;-0.1302184)-(51.5126924;-0.1299353)-(51.5127084;-0.1298929)-(51.5126953;-0.1298757)-(51.5125799;-0.1297793)-(51.5125558;-0.1297635),amenity:fire_station;level:0
1210,51.517472,-0.136673,amenity,shopping,1,653.2950526703097,653.2950526703097,(51.5116286;-0.1356917),addr:housenumber:48-50;cuisine:japanese;amenity:shopping;fhrs:rating_date:2012-09-17;addr:city:London;shop:food;fhrs:hygiene:10;fhrs:id:413309;fhrs:rating:3;postal_code:W1F 9TG;source:postcode:FSA Food Hygiene Ratings Database;fhrs:structural:10;fhrs:confidence_management:10;source:addr:FSA Food Hygiene Ratings Database;fhrs:local_authority_id:01132/0050/0/000;name:Arigato
1210,51.517472,-0.136673,amenity,courier,1,123.48369062298377,123.48369062298377,(51.518225;-0.1353613),addr:housenumber:25;amenity:courier;addr:city:London;addr:postcode:W1T 1NQ;phone:+44 207 299 6979;addr:street:Rathbone Street;name:3D Couriers
1210,51.517472,-0.136673,amenity,club,2,353.89127409719225,386.8045297592429,(51.5170221;-0.1417361),amenity:club;name:The Portland Club
1210,51.517472,-0.136673,amenity,gym,1,331.644852245122,343.9559200910303,(51.5146737;-0.1390473)-(51.514764;-0.1391079)-(51.5148178;-0.1388592)-(51.5147224;-0.138801)-(51.5146737;-0.1390473),building:yes;amenity:gym;sport:fitness;name:Fitness First;leisure:sports_centre
1210,51.517472,-0.136673,amenity,bicycle_repair_station,1,735.0100680783498,735.0100680783498,(51.5234233;-0.1320498),amenity:bicycle_repair_station;service:bicycle:pump:yes
1210,51.517472,-0.136673,amenity,pub,127,79.33367008178514,504.6499847615392,(51.516861;-0.137265),addr:housenumber:12-13;amenity:pub;addr:city:London;addr:postcode:W1T 3PG;phone:+44 207 323 1228;opening_hours:Mo-Sa 11:00-23:00; Su 12:00-22:30;operator:Samuel Smith's;addr:street:Wells Street;name:The Champion
1210,51.517472,-0.136673,amenity,sauna,1,698.7665921483022,698.7665921483022,(51.5236164;-0.1387911),wheelchair:no;amenity:sauna;name:Vault;gay:yes
1210,51.517472,-0.136673,amenity,employment_agency,2,384.31570482294023,391.77548812433486,(51.5162165;-0.1314983),phone:02074392051;amenity:employment_agency;layer:1;name:Fairstaff
1210,51.517472,-0.136673,amenity,dentist,11,174.0136876352046,329.6737431747552,(51.5190747;-0.1366843)-(51.5191594;-0.1368199)-(51.5191802;-0.1368552)-(51.5191708;-0.1368783)-(51.5191587;-0.136908)-(51.5190353;-0.1367882)-(51.5190387;-0.1367791)-(51.5190594;-0.1367242)-(51.5190618;-0.1367178)-(51.5190649;-0.1367095)-(51.5190747;-0.1366843),addr:housenumber:62A;amenity:dentist;addr:city:London;level:1;name:London Smiling;phone:+44 20 76367616;alt_name:London Smiling Dental Group;addr:street:Goodge Street
1210,51.517472,-0.136673,amenity,clock,4,180.40090894520347,357.78514116814586,(51.5161134;-0.135248),"note:Mounted offset, faces east and west;amenity:clock"
1210,51.517472,-0.136673,amenity,studio,4,295.3183724426776,453.79227074053074,(51.5181672;-0.1407922),addr:housenumber:43-51;note:No idea if they actually have a studio there...;amenity:studio;name:CBC Radio Canada
1210,51.517472,-0.136673,amenity,gambling,1,550.3247973204091,550.3247973204091,(51.5209992;-0.1422524),amenity:gambling;name:Coral
1210,51.517472,-0.136673,amenity,bar,65,34.1303543024701,529.5417378687533,(51.51754;-0.137154),amenity:bar;postal_code:W1T 3NG;name:Long Bar
1210,51.517472,-0.136673,amenity,waste_basket,33,166.1842487765473,453.78405545464415,(51.5165069;-0.1385068),amenity:waste_basket
1210,51.517472,-0.136673,amenity,business,1,124.06905649974377,124.06905649974377,(51.5168001;-0.1352415),addr:housenumber:84;amenity:business;name:Dependent Broadcast;addr:street:Newman Street
1210,51.517472,-0.136673,amenity,bicycle_rental,26,100.103754408869,494.7668136984949,(51.5173488;-0.1381061),amenity:bicycle_rental;capacity:34;name:Wells Street;ref:CH23017;local:Fitzrovia;network:Barclays Cycle Hire
1210,51.517472,-0.136673,amenity,place_of_worship,22,118.6379107765905,514.6838969587375,(51.5170887;-0.1382731),addr:housenumber:84;amenity:place_of_worship;name:Fo Guang Temple;denomination:Fo Guang Shan;religion:buddhist;addr:street:Margaret Street
1210,51.517472,-0.136673,amenity,training,2,368.4591563200013,510.4680437969657,(51.5169434;-0.1419298),addr:housenumber:15B;website:http://www.cookeryschool.co.uk;training:cooking;name:Cookery School;amenity:training;addr:street:Little Portland Street
1210,51.517472,-0.136673,amenity,motorcycle_parking,39,149.35226088608493,596.9456656356277,(51.5166209;-0.1350032),amenity:motorcycle_parking
1210,51.517472,-0.136673,amenity,restaurant,446,25.759822167009734,510.3600171128206,(51.517662;-0.136886),addr:housenumber:21;cuisine:italian;amenity:restaurant;fhrs:rating_date:2013-06-26;addr:city:London;name:Latium;fhrs:hygiene:10;fhrs:id:412332;phone:020 7323 9123;fhrs:rating:2;postal_code:W1T 3LP;fhrs:structural:15;fhrs:confidence_management:10;fhrs:local_authority_id:00765/0021/0/002;addr:street:Berners Street
1210,51.517472,-0.136673,amenity,university,24,292.8548304912159,632.5434639950025,(51.5183303;-0.1414026)-(51.5184317;-0.1408621)-(51.5183623;-0.1408284)-(51.5183119;-0.1408028)-(51.5183099;-0.1408109)-(51.5182864;-0.1407995)-(51.5181882;-0.1407519)-(51.5181807;-0.1407493)-(51.5181778;-0.1407643)-(51.5181742;-0.1407822)-(51.5181391;-0.1409679)-(51.5181005;-0.1411716)-(51.5180798;-0.1412812)-(51.5180881;-0.1412852)-(51.518182;-0.1413307)-(51.5182167;-0.1413475)-(51.5183303;-0.1414026),amenity:university;name:University of Westminster;old_name:The Polytechnic Great Portland Street Extension
1210,51.517472,-0.136673,amenity,atm,28,158.5079711252639,480.6275641378803,(51.5181508;-0.1386874),amenity:atm;fee:no;brand:Sainsbury's Bank
1210,51.517472,-0.136673,amenity,doctors,3,322.55048845274786,444.3097563663761,(51.5150658;-0.1340696),operator:Central London Clinical Commissioning Group (NHS);phone:+44 20 7437 9360;amenity:doctors;name:Great Chapel Street Medical Centre
1210,51.517472,-0.136673,amenity,swimming_pool,3,404.4568564077589,618.3145790644137,(51.51363;-0.1374771)-(51.5136522;-0.1374016)-(51.5137243;-0.1374576)-(51.513878;-0.1375729)-(51.5137574;-0.1379837)-(51.5137485;-0.1380139)-(51.5137215;-0.1381056)-(51.5136554;-0.1380554)-(51.5134957;-0.1379344)-(51.5135149;-0.1378693)-(51.5135227;-0.1378427)-(51.51363;-0.1374771),building:yes;website:http://www.better.org.uk/leisure/marshall-street-leisure-centre;amenity:swimming_pool;name:Marshall Street Leisure Centre;source:yahoo;survey;Bing;operator:Greenwich Leisure Limited;covered:yes;sport:swimming
1210,51.517472,-0.136673,amenity,brothel,1,586.2707963114775,594.0952643691531,(51.513779;-0.130626)-(51.513832;-0.130427)-(51.5138463;-0.1303732)-(51.513813;-0.1303503)-(51.5138071;-0.1303723)-(51.5137856;-0.1303575)-(51.5137806;-0.130376)-(51.5137643;-0.1304373)-(51.5137513;-0.130486)-(51.5137241;-0.1305882)-(51.513779;-0.130626),"note:Signed 'Model' above the door on the right hand side of the shop, and in the first floor window to indicate this is a brothel;source:photograph;amenity:brothel;level:1"
1210,51.517472,-0.136673,amenity,shelter,1,586.2279581481582,586.2279581481582,(51.5167502;-0.1282806),amenity:shelter;bus_number:19;38;55;N19;N35;N38;N41;N55
1210,51.517472,-0.136673,amenity,vending_machine,5,213.13521904645503,330.7036682899212,(51.5193857;-0.1364987),amenity:vending_machine;vending:parking_tickets
1210,51.517472,-0.136673,amenity,deli,1,611.7791456455424,611.7791456455424,(51.5128197;-0.1413927),amenity:deli;name:The East India Company
1210,51.517472,-0.136673,amenity,adult_education,1,457.23142011022384,465.7405944663261,(51.5162098;-0.1429934)-(51.5161965;-0.1429779)-(51.5161424;-0.1429259)-(51.5161286;-0.1429669)-(51.5160871;-0.1429328)-(51.5160832;-0.1429453)-(51.5160651;-0.1430033)-(51.5160173;-0.143146)-(51.5160422;-0.1431686)-(51.5160644;-0.143188)-(51.5161476;-0.1432611)-(51.5162098;-0.1430782)-(51.5162098;-0.1429934),building:yes;building:levels:4;amenity:adult_education;roof:levels:1;name:London School Of Make-up
1210,51.517472,-0.136673,amenity,juice_bar,1,406.8440354357458,406.8440354357458,(51.5164856;-0.131011),addr:housenumber:12;shop:yes;amenity:juice_bar;fhrs:rating_date:2010-03-24;name:Boost;fhrs:hygiene:0;fhrs:id:411000;fhrs:rating:5;postal_code:W1D 1AP;fhrs:structural:0;fhrs:confidence_management:0;fhrs:local_authority_id:00159/0012/0/000
1210,51.517472,-0.136673,amenity,nightclub,16,177.6543605235547,484.5972514482051,(51.5161298;-0.1352803),addr:housenumber:100;website:http://www.the100club.co.uk/;amenity:nightclub;fhrs:rating_date:2012-03-21;addr:city:London;name:100 Club;fhrs:hygiene:10;addr:postcode:W1D 1LL;wikipedia:en:100 Club;fhrs:id:427714;fhrs:rating:2;source:postcode:FSA Food Hygiene Ratings Database;fhrs:structural:15;fhrs:confidence_management:10;fhrs:local_authority_id:00159/0100/0/001;addr:street:Oxford Street
1210,51.517472,-0.136673,landuse,retail,46,128.05266872950583,512.1260124065876,(51.5190766;-0.1362423)-(51.5190204;-0.1363902)-(51.5190016;-0.1364398)-(51.5189459;-0.1365851)-(51.5188878;-0.1367227)-(51.5188745;-0.1367241)-(51.5188679;-0.1367248)-(51.5188036;-0.1365909)-(51.5187989;-0.1365814)-(51.5187856;-0.1365581)-(51.5187725;-0.136535)-(51.518757;-0.1365077)-(51.5187514;-0.1364979)-(51.5187487;-0.1364931)-(51.5187225;-0.136447)-(51.518714;-0.136432)-(51.5186992;-0.1364009)-(51.5186864;-0.1363774)-(51.518583;-0.1361859)-(51.5186433;-0.1360922)-(51.518702;-0.1360025)-(51.5186911;-0.1359827)-(51.5186717;-0.1359453)-(51.5187107;-0.135851)-(51.5187798;-0.1359236)-(51.5187785;-0.1359283)-(51.5188483;-0.1360045)-(51.5188867;-0.1360464)-(51.518931;-0.1360949)-(51.5189651;-0.1361321)-(51.5189987;-0.1361688)-(51.5190713;-0.1362371)-(51.5190766;-0.1362423),landuse:retail
1210,51.517472,-0.136673,landuse,garden,1,733.1285931062865,760.2058548033416,(51.5242879;-0.1371109)-(51.5245514;-0.1364959)-(51.5243348;-0.1362714)-(51.524063;-0.1369457)-(51.5242879;-0.1371109),landuse:garden
1210,51.517472,-0.136673,landuse,residential,13,176.69444390214977,386.1211707493674,(51.51972;-0.1372563)-(51.5196239;-0.1375039)-(51.5196187;-0.137497)-(51.519559;-0.1374054)-(51.5195134;-0.137336)-(51.5194958;-0.1373117)-(51.5194857;-0.1373371)-(51.5194799;-0.1373496)-(51.5194434;-0.1374287)-(51.5194394;-0.1374381)-(51.5190459;-0.1370248)-(51.5190515;-0.1370119)-(51.519067;-0.1369731)-(51.5190733;-0.1369521)-(51.5190815;-0.1369258)-(51.5191323;-0.1369742)-(51.5191393;-0.1369559)-(51.5191587;-0.136908)-(51.5191708;-0.1368783)-(51.5191802;-0.1368552)-(51.5191594;-0.1368199)-(51.5192142;-0.1366849)-(51.5192442;-0.1366116)-(51.5192472;-0.1366149)-(51.5192513;-0.1366043)-(51.5192534;-0.1366068)-(51.5192647;-0.1366187)-(51.5192927;-0.1366479)-(51.5193043;-0.1366601)-(51.5193318;-0.1366891)-(51.5193441;-0.1367019)-(51.5193726;-0.1367318)-(51.5193849;-0.1367447)-(51.5194158;-0.1367772)-(51.5194271;-0.1367891)-(51.5194569;-0.1368204)-(51.5194714;-0.1368356)-(51.5195271;-0.1368941)-(51.519541;-0.1369086)-(51.5195709;-0.1369401)-(51.5195857;-0.1369556)-(51.5196056;-0.1369765)-(51.5196433;-0.1370161)-(51.5196627;-0.1370364)-(51.5197083;-0.1370844)-(51.5197042;-0.1370958)-(51.5196623;-0.1371932)-(51.5197141;-0.1372503)-(51.51972;-0.1372563),landuse:residential
1210,51.517472,-0.136673,landuse,brownfield,1,646.7231351924928,688.9026614608866,(51.5235638;-0.135834)-(51.5236699;-0.1355706)-(51.5240736;-0.1359916)-(51.5239684;-0.1362459)-(51.5240353;-0.136314)-(51.523765;-0.1370609)-(51.5237515;-0.1370981)-(51.5236995;-0.1372409)-(51.5236331;-0.1371903)-(51.5235967;-0.1371603)-(51.5234753;-0.1370547)-(51.5235167;-0.1369444)-(51.5236128;-0.136687)-(51.5235701;-0.136644)-(51.523522;-0.1367127)-(51.523287;-0.1364895)-(51.5235406;-0.1358946)-(51.5235638;-0.135834),landuse:brownfield
1210,51.517472,-0.136673,landuse,flowerbed,2,399.6998568831525,411.1867059313122,(51.5150667;-0.1323804)-(51.5150732;-0.1322444)-(51.5150386;-0.1322401)-(51.5150321;-0.1323761)-(51.5150667;-0.1323804),source:gps+mapnoter;landuse:flowerbed
1210,51.517472,-0.136673,landuse,commercial,13,54.8412276240605,370.69853790695555,(51.5182444;-0.1377967)-(51.518262;-0.1378077)-(51.5182778;-0.1377282)-(51.518326;-0.1375469)-(51.5183311;-0.1375358)-(51.5182937;-0.1375112)-(51.5182076;-0.1374545)-(51.5178352;-0.1372092)-(51.5178313;-0.1372228)-(51.5177602;-0.1375054)-(51.5178942;-0.1375938)-(51.5180143;-0.1376762)-(51.5180602;-0.1377109)-(51.5180778;-0.1377225)-(51.5180854;-0.1376925)-(51.5181181;-0.1377135)-(51.5181998;-0.1377678)-(51.5182444;-0.1377967),landuse:commercial
1210,51.517472,-0.136673,landuse,village_green,1,619.831068396611,650.8362427892268,(51.5230402;-0.1396194)-(51.5231285;-0.1397133)-(51.52319;-0.1398613)-(51.5232102;-0.140024)-(51.52319;-0.1401933)-(51.5231306;-0.140338)-(51.5230403;-0.1404352)-(51.5229424;-0.1404684)-(51.5228329;-0.1404365)-(51.522739;-0.1403352)-(51.5226816;-0.1401946)-(51.5226611;-0.1400294)-(51.5226816;-0.13986)-(51.5227443;-0.1397111)-(51.5228329;-0.1396182)-(51.5229377;-0.1395862)-(51.5230402;-0.1396194),layer:2;landuse:village_green;leisure:park
1210,51.517472,-0.136673,landuse,construction,22,107.1988970197386,444.0452903497285,(51.5168575;-0.135276)-(51.5168775;-0.1352314)-(51.5169839;-0.1353049)-(51.5169752;-0.1353453)-(51.5168575;-0.135276),landuse:construction
1210,51.517472,-0.136673,landuse,grass,1,681.5100266630546,700.1322995578281,(51.5217402;-0.1288685)-(51.5214579;-0.1285614)-(51.5214048;-0.1286876)-(51.5214016;-0.1286612)-(51.521373;-0.12863)-(51.5212513;-0.1289188)-(51.5214594;-0.1291452)-(51.5214791;-0.1290983)-(51.5215638;-0.1291904)-(51.5215918;-0.1292209)-(51.5217402;-0.1288685),source:Bing;landuse:grass
1210,51.517472,-0.136673,place,suburb,4,181.4616506567225,611.5453283714594,(51.5115117;-0.1330387)-(51.5118205;-0.132408)-(51.5122264;-0.1314088)-(51.5126243;-0.1303316)-(51.5128992;-0.1297019)-(51.513251;-0.1291589)-(51.5135495;-0.1293256)-(51.5138043;-0.1294864)-(51.5140639;-0.1296005)-(51.5146912;-0.1298354)-(51.5153288;-0.1301698)-(51.5152572;-0.1301942)-(51.5151383;-0.1306884)-(51.5153197;-0.1307937)-(51.5155284;-0.13074)-(51.5155896;-0.1309506)-(51.5161264;-0.1312752)-(51.516169;-0.1308843)-(51.5162149;-0.1307137)-(51.5163588;-0.1307732)-(51.5163552;-0.1310695)-(51.5161508;-0.1335465)-(51.5159597;-0.1353119)-(51.5158808;-0.1360908)-(51.5157261;-0.1376583)-(51.5156109;-0.1386282)-(51.5155356;-0.1393623)-(51.5154556;-0.1401402)-(51.5153355;-0.1411432)-(51.5152797;-0.1415848)-(51.5152281;-0.1417661)-(51.5150964;-0.1418295)-(51.5144947;-0.1416219)-(51.513919;-0.1412154)-(51.5133165;-0.1407406)-(51.5127226;-0.1401938)-(51.5121827;-0.1396956)-(51.5116136;-0.139218)-(51.511047;-0.1387082)-(51.5103372;-0.138056)-(51.5101782;-0.1376846)-(51.5099889;-0.1370198)-(51.5099458;-0.1363257)-(51.5100296;-0.1355966)-(51.5101218;-0.1351901)-(51.5101709;-0.134882)-(51.5102061;-0.1344804)-(51.5102425;-0.1343654)-(51.5103651;-0.1342806)-(51.5106957;-0.1339988)-(51.5108116;-0.1338984)-(51.5112158;-0.1335348)-(51.5115117;-0.1330387),"name:Soho;name:he:סוהו;wikipedia:en:Soho, London;place:suburb;name:uk:Сохо;name:ru:Сохо;wikidata:Q124010;wikimedia_commons:Category:Soho;is_in:Westminster, London"
1210,51.517472,-0.136673,place,locality,1,786.9108894162566,786.9108894162566,(51.5137621;-0.1269888),name:Seven Dials;wikipedia:en:Seven Dials;display:sundial;historic:clock;place:locality;start_date:1989
1210,51.517472,-0.136673,public_transport,platform,5,333.9018770156038,480.9201779201797,(51.5181167;-0.1319599),local_ref:Z5;name:Tottenham Court Road Station;shelter:no;bus:yes;wheelchair:yes;bench:no;public_transport:platform;operator:Transport for London;covered:no;highway:bus_stop;network:TfL
1210,51.517472,-0.136673,public_transport,construction,3,299.2327375722836,373.88664564181676,(51.5162112;-0.1328525)-(51.5162908;-0.1318311)-(51.516337;-0.1309281),layer:-3;description:Platforms closed until December 2015.;wheelchair:no;note:staggered;construction:platform;public_transport:construction;railway:construction;ref:1
1210,51.517472,-0.136673,public_transport,stop_position,12,322.397955161885,476.26235723058227,(51.5150122;-0.1342065),public_transport:stop_position
1210,51.517472,-0.136673,leisure,garden,8,525.7907561910603,710.4064358242869,(51.5222169;-0.1331075)-(51.5212126;-0.1320244)-(51.5212496;-0.1319395)-(51.5222565;-0.1330183)-(51.5222169;-0.1331075),name:Ridgemount Gardens;leisure:garden
1210,51.517472,-0.136673,leisure,park,15,188.4178438185236,605.025323575635,(51.5191286;-0.1385353)-(51.5188547;-0.1382913)-(51.5188703;-0.1382462)-(51.5188946;-0.138166)-(51.5189555;-0.1379889)-(51.5192688;-0.1382617)-(51.5191286;-0.1385353),name:Pearson Square;leisure:park
1210,51.517472,-0.136673,leisure,gymnasium,1,286.2804152754561,286.2804152754561,(51.5187343;-0.140279),note:Power Plate workout centre. NFI how to tag this!;name:Good Vibes;leisure:gymnasium;uri:http://www.goodvibesfitness.co.uk/studios
1210,51.517472,-0.136673,leisure,tanning_salon,2,144.92391019250707,236.27525599641285,(51.518857;-0.1364961)-(51.5188307;-0.1364497)-(51.5187725;-0.136535)-(51.5187856;-0.1365581)-(51.5187989;-0.1365814)-(51.518857;-0.1364961),name:The Sun Room;leisure:tanning_salon
1210,51.517472,-0.136673,leisure,range,1,510.3871616775164,531.9586428851503,(51.5144648;-0.1303758)-(51.5145335;-0.1304138)-(51.514448;-0.1308305)-(51.5144406;-0.1308669)-(51.514466;-0.1308844)-(51.5145535;-0.1309559)-(51.5145656;-0.1309641)-(51.5145728;-0.1309279)-(51.5145809;-0.1308853)-(51.5145896;-0.1308888)-(51.5146041;-0.130827)-(51.514594;-0.1308212)-(51.5146672;-0.1304932)-(51.5147374;-0.1301883)-(51.5147754;-0.1300269)-(51.5147209;-0.1299994)-(51.5145678;-0.1299352)-(51.5145345;-0.1300745)-(51.5144648;-0.1303758),addr:housenumber:113-119;building:retail;fhrs:rating_date:2011-06-13;name:Star Command Laser Tag;fhrs:hygiene:10;addr:postcode:WC2H 0EB;wheelchair:limited;opening_hours:Mo-Fr 09:00-18:00;Sa 09:00-17:00;Su 09:00-17:00;leisure:range;fhrs:id:412028;website:http://www.ultimaterecreation.co.uk/starcommand/laser-tag-london.asp;fhrs:rating:3;fhrs:structural:5;fhrs:confidence_management:10;sport:laser_tag;fhrs:local_authority_id:00626/0113/0/001;addr:street:Charing Cross Road
1210,51.517472,-0.136673,leisure,social_club,4,453.4710514180403,535.372459645063,(51.5192255;-0.14259),access:private;name:BBC Club;leisure:social_club
1210,51.517472,-0.136673,leisure,playground,4,222.83919811930696,594.9401955101887,(51.5190817;-0.1347546),leisure:playground
1210,51.517472,-0.136673,leisure,pitch,4,405.80753902640606,531.844842417725,(51.5151095;-0.132203)-(51.5151031;-0.1321641)-(51.5150864;-0.1321713)-(51.5150928;-0.1322101)-(51.5151095;-0.132203),sport:table_tennis;leisure:pitch
1210,51.517472,-0.136673,leisure,sports_centre,6,302.24722941391445,393.0056975206572,(51.5150249;-0.1389029)-(51.5150737;-0.1387288)-(51.5149395;-0.1386307)-(51.5148922;-0.138822)-(51.5150249;-0.1389029),building:yes;name:Sweatbox;gay:yes;leisure:sports_centre;sauna:yes;note:sexy;spa:yes;sport:fitness
1210,51.517472,-0.136673,leisure,karaoke,1,559.3840113824116,563.7146918575365,(51.5136181;-0.1314771)-(51.5135779;-0.1314496)-(51.5136484;-0.1311824)-(51.5136887;-0.1312098)-(51.5136181;-0.1314771),addr:housenumber:18;building:yes;name:Karaoke Box;leisure:karaoke;addr:street:Frith Street;addr:city:London
1225,55.682208,-2.563972,amenity,grave_yard,1,160.78375350814733,207.8844299780331,(55.6810002;-2.5653821)-(55.6809074;-2.565393)-(55.6807325;-2.5654136)-(55.6805522;-2.5654451)-(55.6805515;-2.5655215)-(55.6805471;-2.5659735)-(55.6805858;-2.5659769)-(55.680596;-2.5666317)-(55.6805964;-2.566657)-(55.6806549;-2.5666768)-(55.680764;-2.5666957)-(55.6808042;-2.5666909)-(55.6808644;-2.5666837)-(55.6809986;-2.5666289)-(55.6810093;-2.5666169)-(55.6809996;-2.5661304)-(55.6809788;-2.5660174)-(55.6809811;-2.5659479)-(55.6810002;-2.5653821),amenity:grave_yard;name:St Michael's Kirk
1225,55.682208,-2.563972,amenity,school,1,194.0275754070152,211.336693782807,(55.6804965;-2.5654363)-(55.6803171;-2.5653638)-(55.6801778;-2.5653075)-(55.6802146;-2.5650208)-(55.6802223;-2.5649608)-(55.6804162;-2.5650391)-(55.680422;-2.5649939)-(55.6804085;-2.5649884)-(55.6804175;-2.5649186)-(55.6804198;-2.5649009)-(55.6805534;-2.5649549)-(55.6805441;-2.5650273)-(55.6805211;-2.565018)-(55.6805172;-2.5650482)-(55.6805449;-2.5650594)-(55.6804965;-2.5654363),building:yes;amenity:school;name:Gordon Primary School
1225,55.682208,-2.563972,amenity,restaurant,1,153.66194359684232,160.2571300657569,(55.6811848;-2.5623245)-(55.6811389;-2.5623379)-(55.6811255;-2.5621929)-(55.6811131;-2.5621965)-(55.6811023;-2.5620804)-(55.6812081;-2.5620495)-(55.6812242;-2.5622234)-(55.681187;-2.5622342)-(55.6811805;-2.5621645)-(55.6811702;-2.5621675)-(55.6811848;-2.5623245),amenity:restaurant;name:Valentines Restaurant
1225,55.682208,-2.563972,amenity,post_box,1,262.9040723028087,262.9040723028087,(55.6798749;-2.5646516),amenity:post_box;ref:TD3 128
1225,55.682208,-2.563972,amenity,parking,4,132.12910091256887,231.2110411009158,(55.6811801;-2.5629146)-(55.6810574;-2.5628887)-(55.6810744;-2.5626279)-(55.6808979;-2.5626856)-(55.6808624;-2.5626786)-(55.6808683;-2.5625999)-(55.6810823;-2.5625631)-(55.6812184;-2.5625317)-(55.6811801;-2.5629146),amenity:parking;parking:surface
1225,55.682208,-2.563972,amenity,post_office,1,240.4529017482738,254.61386794002516,(55.679903;-2.5645534)-(55.6798863;-2.5646698)-(55.6798628;-2.564841)-(55.6799198;-2.5648657)-(55.6799281;-2.5648055)-(55.6799629;-2.5648206)-(55.6799756;-2.564728)-(55.6800638;-2.5647662)-(55.6800797;-2.5646509)-(55.679987;-2.5646107)-(55.6799899;-2.5645898)-(55.6799607;-2.5645776)-(55.679903;-2.5645534),building:residential;shop:convenience;amenity:post_office;name:Gordon Post Office
1225,55.682208,-2.563972,landuse,residential,3,10.547929528850391,287.2650140292264,(55.6788993;-2.5686915)-(55.6788094;-2.5686264)-(55.678765;-2.5680851)-(55.6786211;-2.5679703)-(55.6786588;-2.5677767)-(55.678819;-2.5678494)-(55.6789204;-2.5673646)-(55.6788349;-2.5673336)-(55.6788485;-2.5672171)-(55.6788687;-2.5670955)-(55.6788997;-2.5670286)-(55.6790136;-2.5669584)-(55.6791305;-2.5669019)-(55.6791332;-2.5668271)-(55.6791651;-2.5665808)-(55.6792207;-2.5661542)-(55.6792579;-2.5659058)-(55.6793605;-2.5652044)-(55.6794997;-2.5642544)-(55.6795798;-2.56366)-(55.6796158;-2.563399)-(55.6796174;-2.563384)-(55.6796202;-2.5633572)-(55.6798268;-2.5634472)-(55.6799075;-2.5634787)-(55.6799348;-2.5634921)-(55.6800092;-2.5630306)-(55.6799747;-2.5630234)-(55.6799108;-2.5629948)-(55.6799041;-2.5629966)-(55.679691;-2.5628949)-(55.6796936;-2.5628745)-(55.6797394;-2.5625203)-(55.6796971;-2.562427)-(55.6791661;-2.5621306)-(55.6791537;-2.5621183)-(55.6791419;-2.5621066)-(55.6788744;-2.5617383)-(55.6789439;-2.5614043)-(55.6792152;-2.5616281)-(55.6793873;-2.5617371)-(55.6795176;-2.5618424)-(55.6796633;-2.56196)-(55.6796952;-2.5618223)-(55.6798181;-2.5619435)-(55.679832;-2.5618368)-(55.6798384;-2.5617825)-(55.6798615;-2.5616095)-(55.6799046;-2.5612826)-(55.6799056;-2.56127)-(55.6799638;-2.5609077)-(55.6800075;-2.5606291)-(55.6800376;-2.5603868)-(55.6800553;-2.5600089)-(55.6800759;-2.5594965)-(55.6800791;-2.5594158)-(55.6800854;-2.5592458)-(55.6800917;-2.5590785)-(55.6801153;-2.5584437)-(55.6801142;-2.5583747)-(55.6801321;-2.5583913)-(55.6803322;-2.5585766)-(55.6805246;-2.5587549)-(55.6805536;-2.5587708)-(55.6805413;-2.5591318)-(55.6805195;-2.5594201)-(55.6804758;-2.5598295)-(55.6803528;-2.560675)-(55.6802876;-2.5611461)-(55.6803591;-2.5611787)-(55.6803791;-2.561185)-(55.6804412;-2.5612044)-(55.6806054;-2.561177)-(55.6806257;-2.5613106)-(55.6809538;-2.561288)-(55.6816193;-2.5612537)-(55.6816656;-2.5612513)-(55.6819688;-2.5612239)-(55.6822431;-2.5612205)-(55.6826069;-2.5612025)-(55.6827026;-2.5612015)-(55.6829814;-2.5611984)-(55.6828027;-2.5617809)-(55.6827446;-2.5619657)-(55.682738;-2.5619864)-(55.6827219;-2.5621539)-(55.6826707;-2.5623903)-(55.6825916;-2.5627124)-(55.6824245;-2.5633736)-(55.6823075;-2.5638715)-(55.6822495;-2.5641233)-(55.682207;-2.5642929)-(55.6821414;-2.5645481)-(55.6821066;-2.5646595)-(55.6820458;-2.564877)-(55.6819675;-2.5651324)-(55.6819327;-2.5652574)-(55.6819047;-2.5654356)-(55.6818747;-2.5655799)-(55.6818574;-2.5656634)-(55.6817205;-2.5661766)-(55.6817969;-2.5662421)-(55.681825;-2.5662638)-(55.6820907;-2.5664891)-(55.6820558;-2.5665387)-(55.6820441;-2.5665553)-(55.6819864;-2.5666373)-(55.6818618;-2.5666493)-(55.6817633;-2.5665979)-(55.6817208;-2.5665893)-(55.6816986;-2.5665688)-(55.6816919;-2.5665465)-(55.6816281;-2.5665397)-(55.6815605;-2.566514)-(55.6815541;-2.566358)-(55.6815213;-2.5661787)-(55.6814783;-2.5661714)-(55.6814311;-2.5661763)-(55.6814277;-2.5661072)-(55.6815124;-2.5656275)-(55.681492;-2.5655957)-(55.6814843;-2.5654998)-(55.6814997;-2.5653182)-(55.68155;-2.5651897)-(55.6816002;-2.5651144)-(55.6816417;-2.565087)-(55.6817242;-2.5650934)-(55.6817508;-2.5650955)-(55.6818411;-2.5647257)-(55.6818377;-2.5646724)-(55.6818623;-2.5645574)-(55.6819005;-2.5644278)-(55.6816615;-2.5643248)-(55.6813998;-2.5642136)-(55.6812148;-2.5641348)-(55.6810979;-2.5640815)-(55.681067;-2.5643864)-(55.6810281;-2.5649663)-(55.6810002;-2.5653821)-(55.6809074;-2.565393)-(55.6807325;-2.5654136)-(55.6805522;-2.5654451)-(55.6805515;-2.5655215)-(55.6805471;-2.5659735)-(55.6805858;-2.5659769)-(55.680596;-2.5666317)-(55.6805964;-2.566657)-(55.6806549;-2.5666768)-(55.6806469;-2.5667408)-(55.6806211;-2.5669457)-(55.6806097;-2.5670175)-(55.6805554;-2.5673586)-(55.6804135;-2.5673714)-(55.6802618;-2.567385)-(55.6802488;-2.5673656)-(55.6802498;-2.5673553)-(55.6800771;-2.5673983)-(55.6800875;-2.5674478)-(55.6800944;-2.5674807)-(55.6799967;-2.5675848)-(55.679936;-2.5676892)-(55.6799277;-2.5677035)-(55.6799059;-2.5677399)-(55.6798624;-2.5676615)-(55.6797979;-2.5675451)-(55.6797001;-2.5677282)-(55.6796424;-2.5678363)-(55.6796698;-2.5678959)-(55.6796471;-2.5679427)-(55.6795278;-2.5681893)-(55.6795123;-2.5682214)-(55.6794385;-2.5683553)-(55.6793375;-2.5685383)-(55.6791843;-2.5684478)-(55.6792162;-2.5682371)-(55.6792034;-2.5682295)-(55.6791378;-2.5681902)-(55.6791186;-2.5681788)-(55.6790413;-2.568381)-(55.6789457;-2.5685917)-(55.6788993;-2.5686915),landuse:residential;name:Gordon
1225,55.682208,-2.563972,landuse,commercial,3,147.72035142786817,380.8728736481079,(55.6810986;-2.5624052)-(55.6811676;-2.5623999)-(55.6812199;-2.562383)-(55.6812419;-2.5623546)-(55.6812556;-2.5622734)-(55.6812377;-2.5620708)-(55.681236;-2.5619917)-(55.6811934;-2.5619507)-(55.6811366;-2.5618578)-(55.6810932;-2.561823)-(55.6810897;-2.5619875)-(55.6810986;-2.5624052),landuse:commercial
1225,55.682208,-2.563972,landuse,forest,2,512.663463021333,644.0082797468959,(55.6864656;-2.5703508)-(55.6864316;-2.5702965)-(55.6864281;-2.5701938)-(55.6864213;-2.569578)-(55.685847;-2.5689936)-(55.6865221;-2.5689614)-(55.6868928;-2.568868)-(55.6872173;-2.5686607)-(55.6873931;-2.5685198)-(55.6875753;-2.568336)-(55.6876972;-2.5681468)-(55.687755;-2.5679988)-(55.6883414;-2.5683156)-(55.6879611;-2.5698634)-(55.6877688;-2.5697578)-(55.687672;-2.5697195)-(55.6875075;-2.5697281)-(55.6872749;-2.5697722)-(55.6870096;-2.5698784)-(55.6868267;-2.570005)-(55.6865981;-2.5702213)-(55.6864656;-2.5703508),wood:coniferous;landuse:forest
1225,55.682208,-2.563972,landuse,grass,2,150.37017576001506,211.41780866896363,(55.6805515;-2.5655215)-(55.6805246;-2.5654669)-(55.6805328;-2.5653143)-(55.6805706;-2.5650571)-(55.6805812;-2.5648502)-(55.6805847;-2.5647937)-(55.6809655;-2.5649188)-(55.6809562;-2.5649996)-(55.680928;-2.5652435)-(55.6808728;-2.5652955)-(55.6805549;-2.5652995)-(55.6805522;-2.5654451)-(55.6805515;-2.5655215),landuse:grass
1225,55.682208,-2.563972,landuse,farmyard,2,139.2090988368468,334.15786037482076,(55.6828365;-2.5619522)-(55.6828994;-2.5617947)-(55.6830919;-2.5618189)-(55.6833036;-2.5618601)-(55.6835596;-2.5619167)-(55.6837103;-2.5619476)-(55.6839318;-2.5619834)-(55.6841052;-2.5615473)-(55.6836491;-2.561024)-(55.6835412;-2.5609005)-(55.6835166;-2.5608084)-(55.6835012;-2.560764)-(55.6832772;-2.5605327)-(55.6834367;-2.5600008)-(55.683478;-2.5598739)-(55.6833244;-2.5597489)-(55.6832133;-2.5597575)-(55.683055;-2.5598534)-(55.6827459;-2.559766)-(55.6826704;-2.5605043)-(55.6826546;-2.5606598)-(55.6826288;-2.5609149)-(55.6826069;-2.5612025)-(55.6827026;-2.5612015)-(55.6829814;-2.5611984)-(55.6828027;-2.5617809)-(55.6827446;-2.5619657)-(55.6828365;-2.5619522),landuse:farmyard;name:Gordon Cottage
1225,55.682208,-2.563972,landuse,cemetery,1,440.57716144499193,480.7973642482786,(55.6783656;-2.5618661)-(55.677784;-2.5613683)-(55.6777731;-2.5613054)-(55.6778209;-2.5611503)-(55.6779698;-2.5606246)-(55.6782586;-2.5608715)-(55.6783123;-2.5609173)-(55.6785802;-2.5611463)-(55.6783815;-2.5618743)-(55.6783656;-2.5618661),landuse:cemetery;name:Gordon Cemetery
1225,55.682208,-2.563972,place,village,1,164.516101564042,164.516101564042,(55.6807711;-2.5633466),"uk_postcode_centroid:TD3;place:village;name:Gordon;created_by:Potlatch 0.10f;is_in:Borders, Scotland, UK"
1225,55.682208,-2.563972,leisure,sports_centre,1,294.6056678335533,332.9691439151658,(55.6793904;-2.5615608)-(55.6794532;-2.5610812)-(55.6795445;-2.5603355)-(55.6795937;-2.5600279)-(55.6796947;-2.559209)-(55.6800759;-2.5594965)-(55.6800553;-2.5600089)-(55.6800376;-2.5603868)-(55.6800075;-2.5606291)-(55.6799638;-2.5609077)-(55.6799056;-2.56127)-(55.6799046;-2.5612826)-(55.6798615;-2.5616095)-(55.6798384;-2.5617825)-(55.679832;-2.5618368)-(55.6798181;-2.5619435)-(55.6796952;-2.5618223)-(55.6796254;-2.5617605)-(55.6795789;-2.561719)-(55.679441;-2.561596)-(55.6793904;-2.5615608),sport:multi;leisure:sports_centre
1225,55.682208,-2.563972,leisure,park,2,462.9198694017966,653.6010162438288,(55.6781909;-2.5711989)-(55.6784256;-2.5707869)-(55.678541;-2.5705463)-(55.6786407;-2.5703942)-(55.6789538;-2.5700317)-(55.6793044;-2.5696152)-(55.6793904;-2.5694079)-(55.6794139;-2.5694632)-(55.6792673;-2.5698116)-(55.67918;-2.5699941)-(55.6791207;-2.5702983)-(55.6790958;-2.57055)-(55.6791036;-2.5707159)-(55.6791644;-2.5709399)-(55.6792252;-2.5708791)-(55.67918;-2.5707242)-(55.6792813;-2.5707214)-(55.6794107;-2.5708293)-(55.6794856;-2.5710616)-(55.6794591;-2.571233)-(55.6793842;-2.5713713)-(55.6794446;-2.5714311)-(55.6793289;-2.5716991)-(55.6792169;-2.5719074)-(55.6791704;-2.5720116)-(55.6789573;-2.572031)-(55.6787538;-2.5714883)-(55.6785296;-2.5712812)-(55.6784067;-2.5712352)-(55.6781909;-2.5711989),name:Greenknowe Cottage;leisure:park
1225,55.682208,-2.563972,leisure,pitch,3,241.95367673308837,312.5410160739953,(55.6802392;-2.5661867)-(55.6800678;-2.5661487)-(55.6800672;-2.5656718)-(55.6802487;-2.5656508)-(55.6802392;-2.5661867),sport:multi;leisure:pitch
1220,51.164831,0.877673,amenity,cinema,1,553.5011649083511,553.5011649083511,(51.1606449;0.873378),source:www.cineworld.co.uk;amenity:cinema;postal_code:TN25 4BN;name:Cineworld Ashford
1220,51.164831,0.877673,amenity,telephone,2,198.3129074896549,477.0449283781604,(51.1644884;0.8804641),amenity:telephone
1220,51.164831,0.877673,amenity,library,1,194.13634372249354,194.13634372249354,(51.1642536;0.8803005),source:local_knowledge;amenity:library;name:Bockhanger Library
1220,51.164831,0.877673,amenity,parking,19,101.79034050135307,636.6065020412894,(51.1641201;0.8785927),access:private;amenity:parking
1220,51.164831,0.877673,amenity,post_office,2,223.83577526442576,499.54972499270093,(51.1640358;0.880622),amenity:post_office
1220,51.164831,0.877673,amenity,bench,3,170.2614283291257,217.08087181021725,(51.1642818;0.8799523),amenity:bench
1220,51.164831,0.877673,amenity,toilets,1,570.7681407606941,570.7681407606941,(51.1596993;0.8778601),amenity:toilets
1220,51.164831,0.877673,amenity,veterinary,1,731.7238452551372,731.7238452551372,(51.1703619;0.8719868),amenity:veterinary;name:Eureka Veterinary Centre
1220,51.164831,0.877673,amenity,pharmacy,1,764.1343642398741,764.1343642398741,(51.1706292;0.8717905),amenity:pharmacy;name:Delmergate Pharmacy;dispensing:yes
1220,51.164831,0.877673,amenity,kindergarten,2,681.6597703816129,698.2167736236554,(51.1590484;0.8744276),amenity:kindergarten;name:Just Learning Nursery
1220,51.164831,0.877673,amenity,fuel,1,719.8572985226315,719.8572985226315,(51.1665794;0.8876133),operator:Pace;phone:01233622808;amenity:fuel;name:Willesborough Kennington Garages
1220,51.164831,0.877673,amenity,bicycle_parking,14,415.93786011139395,643.6335051445142,(51.1631212;0.8723676),covered:yes;amenity:bicycle_parking;capacity:24;bicycle_parking:stands;source:survey
1220,51.164831,0.877673,amenity,fast_food,9,210.34312984565702,576.5681280913678,(51.1642427;0.88054),amenity:fast_food;name:Vino's Fish Bar
1220,51.164831,0.877673,amenity,post_box,6,221.83334275057328,493.819426480009,(51.163999;0.8805645),amenity:post_box
1220,51.164831,0.877673,amenity,gym,1,595.1699095407782,626.4824126615682,(51.1598496;0.8734704)-(51.1594511;0.8737719)-(51.1596082;0.8742924)-(51.1600041;0.8739846)-(51.1598496;0.8734704),building:yes;amenity:gym;name:Bannatyne's Health Club
1220,51.164831,0.877673,amenity,pub,1,710.9003374613499,710.9003374613499,(51.1700478;0.871779),amenity:pub;name:The Pheasant
1220,51.164831,0.877673,amenity,dentist,2,750.4980050126188,762.7730576469685,(51.1700545;0.8708565),amenity:dentist;postal_code:TN25 4AZ;name:Easysmile
1220,51.164831,0.877673,amenity,scout_hall,1,732.3492619617307,732.3492619617307,(51.169699;0.8847478),building:yes;amenity:scout_hall;name:1st Kennington Scout Group
1220,51.164831,0.877673,amenity,place_of_worship,1,762.1072544479223,762.1072544479223,(51.1583569;0.8812601),religion:christian;amenity:place_of_worship;postal_code:TN24 9QB;name:The Church of Jesus Christ of Latter-day Saints;denomination:mormon
1220,51.164831,0.877673,amenity,school,1,239.34296008817128,320.85543235271774,(51.1625715;0.8807791)-(51.1639637;0.8808145)-(51.1640214;0.8812714)-(51.1641465;0.8814572)-(51.1642336;0.8817937)-(51.1642515;0.8821946)-(51.1643991;0.8827539)-(51.1639644;0.8830514)-(51.1637672;0.8824337)-(51.1625736;0.8816022)-(51.1625715;0.8807791),amenity:school;postal_code:TN24 9LS;name:Phoenix Community Primary School
1220,51.164831,0.877673,amenity,restaurant,8,554.2505166296185,646.4352840861709,(51.1609163;0.8727528),website:www.pizzahut.co.uk;cuisine:pizza;amenity:restaurant;addr:city:Ashford;addr:postcode:TN25 4BN;addr:housename:Unit 4;name:Pizza Hut;addr:street:Eureka Leisure Park
1220,51.164831,0.877673,amenity,atm,3,623.5464454071025,706.0047065322019,(51.1599636;0.8732325),source:local_knowledge;amenity:atm
1220,51.164831,0.877673,landuse,industrial,1,307.20025982727043,416.0037181196462,(51.1659029;0.8736124)-(51.1667219;0.8728848)-(51.1665739;0.8707538)-(51.1648087;0.8698022)-(51.164198;0.8704245)-(51.1638647;0.8732892)-(51.1659029;0.8736124),source:Bing;landuse:industrial
1220,51.164831,0.877673,landuse,meadow,1,583.2902056835394,868.4362867415199,(51.1691791;0.8636768)-(51.1692664;0.8637581)-(51.1693072;0.8641467)-(51.1692767;0.864811)-(51.1690582;0.8655888)-(51.1685706;0.8666744)-(51.1683818;0.8669928)-(51.1683318;0.8672739)-(51.1681896;0.8677438)-(51.1676612;0.8677762)-(51.1676155;0.8680193)-(51.1681231;0.8680592)-(51.1679919;0.8693038)-(51.1674668;0.8696053)-(51.166715;0.8698658)-(51.1667178;0.8695451)-(51.1665837;0.8693625)-(51.1671675;0.8678925)-(51.1676143;0.8665607)-(51.1683313;0.8648739)-(51.1684692;0.8648363)-(51.16856;0.8639834)-(51.1685836;0.863742)-(51.168745;0.8636722)-(51.1691791;0.8636768),landuse:meadow
1220,51.164831,0.877673,landuse,residential,7,63.76345473482194,690.2497837109952,(51.1616296;0.8837708)-(51.1612408;0.8836142)-(51.1603231;0.8842213)-(51.1603207;0.8843468)-(51.1603155;0.8844384)-(51.1603107;0.8845009)-(51.1602807;0.8846016)-(51.1602061;0.8847604)-(51.1601091;0.884846)-(51.1598112;0.8850803)-(51.1596537;0.8852113)-(51.1595425;0.8852895)-(51.1592396;0.8845687)-(51.1589873;0.8837933)-(51.158756;0.8831524)-(51.1586663;0.8828745)-(51.1584875;0.8823578)-(51.158336;0.8819261)-(51.1582106;0.8815341)-(51.1578977;0.8807639)-(51.1577979;0.8805263)-(51.157711;0.8802898)-(51.1580803;0.8800825)-(51.1582855;0.8794828)-(51.1580814;0.8790541)-(51.1587491;0.8786414)-(51.1595902;0.8781298)-(51.1608557;0.8773039)-(51.1609083;0.8751344)-(51.1614797;0.8748876)-(51.1616545;0.8759614)-(51.1619459;0.8762111)-(51.1622372;0.8758032)-(51.1622289;0.8753787)-(51.1624953;0.8749708)-(51.1646928;0.8767855)-(51.1653168;0.8769405)-(51.1660762;0.8777613)-(51.1664981;0.8771936)-(51.1679327;0.8770785)-(51.1682549;0.8773164)-(51.1683732;0.8775623)-(51.1679406;0.8787679)-(51.1677209;0.8785319)-(51.1674442;0.8785197)-(51.1670292;0.8786946)-(51.1669926;0.8800211)-(51.1677535;0.8801106)-(51.1675826;0.8811889)-(51.1660689;0.8828897)-(51.1656783;0.881844)-(51.1645471;0.8827351)-(51.1639816;0.8831013)-(51.1637618;0.8824706)-(51.1625574;0.8816365)-(51.1621505;0.8816649)-(51.1619552;0.881905)-(51.1619023;0.8826293)-(51.162236;0.8834105)-(51.1619914;0.8836952)-(51.1616296;0.8837708),source:Bing;landuse:residential
1220,51.164831,0.877673,landuse,commercial,5,543.1440143619039,716.1874413950723,(51.1668359;0.8702283)-(51.1670142;0.8706639)-(51.1676501;0.8713116)-(51.1682585;0.8710283)-(51.1681608;0.8701902)-(51.1679269;0.8698693)-(51.1668359;0.8702283),source:Bing;landuse:commercial
1220,51.164831,0.877673,landuse,allotments,1,393.17927628172737,419.1374919991442,(51.1613098;0.876485)-(51.1613395;0.8767818)-(51.1608021;0.8771495)-(51.1608148;0.8766166)-(51.1613098;0.876485),operator:Ashford Borough Council;source:Bing;landuse:allotments;name:Bybrook Cemetery Allotment Site
1220,51.164831,0.877673,landuse,recreation_ground,3,80.75525272353883,344.9987287547009,(51.1670975;0.8744793)-(51.1676511;0.8753382)-(51.1680387;0.8762942)-(51.1678806;0.8768832)-(51.1675812;0.8768623)-(51.1666944;0.8769029)-(51.1659333;0.877392)-(51.1655203;0.8768107)-(51.1648853;0.8765181)-(51.1638932;0.8760788)-(51.1631641;0.8756409)-(51.1624281;0.8741417)-(51.162913;0.8736068)-(51.1636832;0.8735141)-(51.1640682;0.8734579)-(51.1664496;0.8737611)-(51.1668035;0.8744718)-(51.1670975;0.8744793),access:private;source:Bing;landuse:recreation_ground
1220,51.164831,0.877673,landuse,construction,2,623.8190543320537,741.0251589396695,(51.1713782;0.8733868)-(51.1714964;0.8742228)-(51.1707975;0.8741345)-(51.1706355;0.8741345)-(51.1704928;0.8741871)-(51.1703425;0.8743197)-(51.1700932;0.8745712)-(51.1700804;0.8741192)-(51.1700208;0.8735159)-(51.1703287;0.8732916)-(51.1704299;0.8732168)-(51.170594;0.8730877)-(51.1711821;0.8731285)-(51.1712652;0.8731319)-(51.1712983;0.8731336)-(51.1713292;0.8731897)-(51.1713238;0.8732508)-(51.1713036;0.8732899)-(51.1713782;0.8733868),landuse:construction
1220,51.164831,0.877673,landuse,cemetery,2,447.1427570137549,596.3474950843116,(51.1599269;0.8775852)-(51.1593243;0.8780052)-(51.158676;0.8783796)-(51.158393;0.87743)-(51.1584923;0.8753035)-(51.1608789;0.8752647)-(51.1608495;0.8767736)-(51.1606756;0.877147)-(51.1603652;0.8773844)-(51.1599269;0.8775852),landuse:cemetery;name:Bybrook Cemetery
1220,51.164831,0.877673,landuse,retail,7,170.46298943039204,649.9704256866822,(51.1639923;0.8807548)-(51.1639536;0.8800821)-(51.1645925;0.8800879)-(51.1643326;0.8807774)-(51.1639923;0.8807548),landuse:retail
1220,51.164831,0.877673,landuse,greenfield,2,607.2205545663056,761.0947318170327,(51.1694227;0.8711024)-(51.1697105;0.8712341)-(51.1696875;0.8717721)-(51.1688097;0.8716918)-(51.1684152;0.8711026)-(51.1683738;0.8699077)-(51.168516;0.8697118)-(51.1692651;0.8698425)-(51.169692;0.8701257)-(51.1694227;0.8711024),landuse:greenfield
1220,51.164831,0.877673,place,suburb,1,267.60673371853727,267.60673371853727,(51.1624872;0.8785443),place:suburb;name:Bybrook;created_by:JOSM
1220,51.164831,0.877673,leisure,golf_course,1,605.7749371022559,1119.5997062838298,(51.1700793;0.8532975)-(51.1648087;0.8619511)-(51.1639777;0.8649257)-(51.1631756;0.8670961)-(51.163481;0.867552)-(51.1635233;0.8680159)-(51.1647906;0.8689856)-(51.1664862;0.8693209)-(51.168483;0.8642604)-(51.1684722;0.8622846)-(51.1682608;0.8609314)-(51.169227;0.8596423)-(51.1702139;0.8587473)-(51.1714702;0.856822)-(51.1700793;0.8532975),source:Bing;sport:golf;name:Ashford Golf Club;leisure:golf_course
1220,51.164831,0.877673,leisure,playground,4,138.66611738988152,763.4427017127445,(51.1637248;0.8785911),leisure:playground
1220,51.164831,0.877673,leisure,garden,1,232.99223211250538,239.42967709184782,(51.162937;0.8791022)-(51.1628093;0.8791893)-(51.1628639;0.8793674)-(51.1629832;0.879283)-(51.162937;0.8791022),leisure:garden
1220,51.164831,0.877673,leisure,common,2,264.00102929486656,555.4200737238912,(51.1674881;0.8786189)-(51.1672321;0.8786992)-(51.1670967;0.8788046)-(51.1670916;0.8799086)-(51.1677741;0.8799789)-(51.1679196;0.8793466)-(51.1679096;0.878925)-(51.1676788;0.878629)-(51.1674881;0.8786189),leisure:common;created_by:JOSM
